,batch-size: ,5,attack iters: ,5,before reverse: ,0.0009333333333333333,after reverse: ,0.0005333333333333334
